time(s),face,x,y,z
3.7439703941345215,SF,0.207763,0.977067,0.049451
4.056036949157715,SF,0.214584,0.975644,0.04743
4.363851308822632,SF,0.254989,0.9662,0.038885
4.697505950927734,SF,0.298358,0.954185,0.023119
4.973300933837891,SF,0.330681,0.943792,0.004144
5.279129505157471,SF,0.340827,0.940185,-0.005643
5.72006630897522,SF,0.339868,0.940469,-0.009819
6.069706916809082,SF,0.352766,0.935436,-0.023625
6.4574244022369385,SF,0.38357,0.921575,-0.059725
6.6931774616241455,SF,0.39289,0.916161,-0.078533
6.928938388824463,SF,0.402275,0.910051,-0.099198
7.176745176315308,SF,0.404306,0.907781,-0.11067
7.4134979248046875,SF,0.389594,0.91541,-0.100533
7.664273262023926,SF,0.384551,0.917626,-0.099906
7.915016174316406,SF,0.384133,0.917573,-0.101857
8.146775960922241,SF,0.383967,0.917425,-0.103427
8.382529497146606,SF,0.381598,0.918472,-0.102774
8.635268449783325,SF,0.386829,0.915489,-0.109769
8.867027997970581,SF,0.393309,0.911262,-0.121528
9.154924392700195,SF,0.401049,0.905078,-0.140545
9.391044855117798,SF,0.403934,0.901458,-0.15468
9.622804403305054,SF,0.403267,0.900433,-0.16252
9.86070728302002,SF,0.398759,0.902167,-0.164315
10.091723203659058,SF,0.399152,0.89998,-0.17482
10.325505256652832,SF,0.398358,0.897301,-0.189674
10.56842565536499,SF,0.395026,0.896297,-0.201235
10.811177253723145,SF,0.390416,0.894261,-0.218338
11.043936967849731,SF,0.382058,0.893349,-0.235964
11.284685134887695,SF,0.373279,0.887363,-0.270181
11.514449119567871,SF,0.355863,0.885626,-0.298037
11.743332862854004,SF,0.335958,0.889918,-0.308332
11.975093364715576,SF,0.317285,0.897042,-0.307436
12.245974063873291,SF,0.303248,0.907669,-0.29006
12.489832162857056,SF,0.292698,0.916972,-0.270882
12.738558530807495,SF,0.290328,0.921245,-0.258785
12.968324661254883,SF,0.291783,0.923658,-0.248587
13.208269357681274,SF,0.293872,0.925818,-0.237574
13.447179555892944,SF,0.301166,0.92584,-0.228529
13.691207647323608,SF,0.30734,0.925853,-0.219869
13.947945594787598,SF,0.315346,0.924485,-0.214556
14.18869161605835,SF,0.326489,0.919887,-0.217677
14.419455766677856,SF,0.333927,0.916798,-0.219517
14.663305759429932,SF,0.339593,0.913891,-0.222642
14.905221700668335,SF,0.343985,0.911463,-0.22607
15.15696120262146,SF,0.346639,0.91037,-0.226592
15.390718698501587,SF,0.348131,0.908398,-0.23205
15.623478174209595,SF,0.350319,0.904463,-0.243816
15.953136444091797,SF,0.347223,0.905413,-0.244673
16.212870121002197,SF,0.34286,0.906591,-0.246435
16.44063401222229,SF,0.339389,0.905917,-0.253634
16.670408725738525,SF,0.329161,0.907418,-0.261755
16.92712903022766,SF,0.322463,0.909537,-0.262479
17.159968614578247,SF,0.317433,0.91159,-0.261737
17.394890069961548,SF,0.313483,0.914963,-0.254348
18.268064260482788,SF,0.310537,0.91844,-0.245092
18.506819009780884,SF,0.317429,0.921087,-0.225392
18.767595767974854,SF,0.322327,0.919104,-0.226455
19.004677534103394,SF,0.328507,0.915384,-0.232643
19.247426748275757,SF,0.332612,0.91136,-0.242009
19.52553129196167,SF,0.333964,0.905835,-0.260341
19.777271032333374,SF,0.326802,0.899314,-0.290068
20.009029626846313,SF,0.305933,0.89339,-0.328434
20.242790937423706,SF,0.27371,0.892773,-0.357418
20.491530179977417,SF,0.237546,0.901574,-0.361153
20.72736644744873,SF,0.214907,0.913658,-0.344728
20.995338916778564,SF,0.208876,0.926317,-0.313194
21.238090753555298,SF,0.219006,0.936377,-0.274012
21.471848964691162,SF,0.229178,0.944374,-0.235728
21.715599060058594,SF,0.238809,0.949376,-0.204193
21.950610637664795,SF,0.250962,0.95231,-0.173452
22.182556867599487,SF,0.262635,0.952996,-0.151355
22.419311046600342,SF,0.277434,0.951252,-0.134713
23.543643712997437,SF,0.290862,0.949607,-0.116976
23.790753602981567,SF,0.350814,0.931254,-0.099125
24.037500143051147,SF,0.360749,0.927154,-0.102303
24.280246019363403,SF,0.371124,0.922447,-0.107609
24.548007249832153,SF,0.37745,0.919393,-0.111072
24.783381700515747,SF,0.386394,0.914108,-0.123486
25.214526653289795,SF,0.397503,0.906605,-0.142472
25.44530415534973,SF,0.406316,0.895412,-0.182857
25.742979526519775,SF,0.403904,0.893372,-0.197548
26.04477858543396,SF,0.394473,0.897492,-0.197568
26.30761694908142,SF,0.379495,0.908707,-0.174312
26.561357259750366,SF,0.370741,0.914833,-0.160917
26.79611086845398,SF,0.368172,0.916801,-0.155472
27.03691053390503,SF,0.36967,0.916035,-0.156162
27.272263288497925,SF,0.373873,0.912981,-0.16429
27.502237558364868,SF,0.375825,0.911196,-0.169543
27.74428367614746,SF,0.372326,0.913084,-0.16677
27.99418044090271,SF,0.367302,0.916289,-0.160564
28.22893738746643,SF,0.36118,0.920157,-0.15197
28.48617649078369,SF,0.353638,0.925207,-0.138692
28.717583894729614,SF,0.343461,0.931383,-0.121936
28.946344137191772,SF,0.338993,0.934106,-0.112227
29.178104400634766,SF,0.34093,0.933891,-0.109125
29.43983483314514,SF,0.345315,0.932321,-0.108161
29.767494916915894,SF,0.358057,0.92609,-0.119346
30.039212465286255,SF,0.362485,0.92362,-0.124751
30.40283966064453,SF,0.367968,0.919945,-0.135129
30.655781269073486,SF,0.372558,0.916225,-0.147557
38.765488624572754,NY,0.836676,0.54405,0.063392
39.09015464782715,NY,0.835855,0.545266,0.063883
39.37885618209839,NY,0.835216,0.546081,0.064309
39.788429737091064,NY,0.85717,0.511789,0.05693
40.25494885444641,NY,0.876014,0.479907,0.046046
40.59159827232361,NY,0.88133,0.470672,0.041135
40.91850924491882,NY,0.894214,0.44661,0.028317
41.26514172554016,NY,0.900468,0.434263,0.020165
41.54984974861145,NY,0.904626,0.425997,0.011287
41.83155846595764,NY,0.918979,0.39389,-0.014348
42.08029890060425,NY,0.927087,0.372701,-0.037862
42.4109582901001,NY,0.931719,0.357535,-0.062413
43.63573861122131,NY,0.917576,0.391147,-0.069624
43.888476610183716,NY,0.90437,0.424592,-0.04102
44.16359519958496,NY,0.902308,0.429418,-0.036128
44.41137719154358,NY,0.90304,0.428227,-0.031225
44.66152811050415,NY,0.899578,0.435702,-0.027733
44.90139579772949,NY,0.912692,0.405865,-0.04632
45.13720464706421,NY,0.924441,0.371551,-0.084451
45.37712049484253,NY,0.928495,0.353067,-0.114138
45.723854541778564,NY,0.927653,0.350608,-0.12774
46.02686357498169,NY,0.922548,0.362443,-0.132073
46.294607639312744,NY,0.922409,0.351495,-0.159162
46.53635931015015,NY,0.919369,0.357044,-0.164534
46.81910681724548,NY,0.914835,0.371215,-0.158344
47.04926252365112,NY,0.911584,0.380375,-0.155311
47.28213357925415,NY,0.909965,0.384158,-0.155811
47.550856590270996,NY,0.90617,0.398492,-0.141207
47.787609338760376,NY,0.900453,0.418468,-0.118194
48.04034686088562,NY,0.892535,0.440938,-0.094149
48.27110934257507,NY,0.886847,0.455482,-0.076251
48.512861013412476,NY,0.881597,0.467902,-0.06061
48.769843101501465,NY,0.88413,0.463319,-0.059213
49.01758933067322,NY,0.896226,0.438469,-0.067191
49.26333498954773,NY,0.906994,0.411794,-0.087238
49.54005026817322,NY,0.910307,0.402196,-0.097718
49.78783416748047,NY,0.910149,0.401867,-0.100661
50.040969133377075,NY,0.904995,0.417577,-0.080517
50.28571605682373,NY,0.895439,0.441,-0.060803
50.54145097732544,NY,0.898952,0.433222,-0.064458
50.793190240859985,NY,0.911104,0.403139,-0.086032
51.04215168952942,NY,0.917468,0.383792,-0.104372
51.30288076400757,NY,0.91546,0.388439,-0.105082
51.542635679244995,NY,0.916146,0.385422,-0.110317
51.84732007980347,NY,0.912234,0.398639,-0.094261
52.09306597709656,NY,0.900629,0.429784,-0.064157
52.32493710517883,NY,0.891409,0.4511,-0.043246
52.57395696640015,NY,0.896086,0.441649,-0.044143
52.81171131134033,NY,0.90494,0.422302,-0.052857
53.067710876464844,NY,0.916232,0.393734,-0.074801
53.30148911476135,NY,0.92375,0.370695,-0.097092
53.546234369277954,NY,0.926686,0.358258,-0.114285
53.829052209854126,NY,0.92471,0.364708,-0.110231
54.10376811027527,NY,0.913844,0.398796,-0.077775
54.37248969078064,NY,0.903514,0.42556,-0.051246
54.62023329734802,NY,0.900006,0.434341,-0.038445
54.88104248046875,NY,0.906331,0.420712,-0.042227
55.166749715805054,NY,0.907371,0.418283,-0.043076
55.40750026702881,NY,0.918741,0.389907,-0.063149
55.6422815322876,NY,0.922235,0.379448,-0.074807
55.878209590911865,NY,0.925092,0.368929,-0.091214
56.12395167350769,NY,0.927853,0.356666,-0.110264
56.36576771736145,NY,0.929041,0.347564,-0.127362
56.59852647781372,NY,0.921769,0.374032,-0.102695
56.92418932914734,NY,0.913652,0.398856,-0.07979
57.178924322128296,NY,0.90273,0.427171,-0.054101
57.41580867767334,NY,0.907233,0.416466,-0.06085
57.68156099319458,NY,0.9148,0.397082,-0.075545
57.91332149505615,NY,0.921294,0.376636,-0.098339
58.20302152633667,NY,0.923482,0.366012,-0.115981
58.44177436828613,NY,0.92302,0.364288,-0.124436
58.68951773643494,NY,0.922728,0.358967,-0.140979
58.921278953552246,NY,0.920691,0.362034,-0.146753
59.17701268196106,NY,0.90373,0.41824,-0.092946
59.42475700378418,NY,0.898325,0.431981,-0.080707
60.44623160362244,NY,0.904015,0.418236,-0.089771
60.67998909950256,NY,0.911073,0.39326,-0.124579
60.92273759841919,NY,0.911224,0.392723,-0.125179
61.16652703285217,NY,0.902346,0.419854,-0.098176
61.46235156059265,NY,0.892792,0.444318,-0.075126
62.72694754600525,NY,0.916441,0.377507,-0.132952
62.9698920249939,NY,0.914687,0.381424,-0.133403
63.214635610580444,NY,0.913523,0.385251,-0.130476
63.5173225402832,NY,0.903968,0.416511,-0.097168
63.8250036239624,NY,0.8928,0.445662,-0.066327
64.05794143676758,NY,0.882759,0.468005,-0.041865
64.32487273216248,NY,0.878891,0.476058,-0.030026
64.5706250667572,NY,0.888854,0.457041,-0.033612
64.8266339302063,NY,0.899586,0.434747,-0.04155
65.06552195549011,NY,0.912146,0.405666,-0.059302
65.30024647712708,NY,0.920562,0.381896,-0.081617
65.53908324241638,NY,0.925002,0.366497,-0.100005
65.81079936027527,NY,0.926981,0.353763,-0.124609
66.06967687606812,NY,0.928247,0.341153,-0.148047
66.30346655845642,NY,0.925827,0.342244,-0.16027
66.5452196598053,NY,0.92292,0.346527,-0.166966
66.7869668006897,NY,0.920861,0.352546,-0.165933
67.02272486686707,NY,0.918053,0.364496,-0.155774
67.26247525215149,NY,0.91554,0.374183,-0.147379
67.50522780418396,NY,0.912926,0.386783,-0.129655
78.42889714241028,ES,0.776658,0.242042,0.581314
78.69662308692932,ES,0.777238,0.241039,0.581091
79.00848078727722,ES,0.795098,0.210656,0.568685
79.33214569091797,ES,0.816879,0.171208,0.550574
79.62584161758423,ES,0.834201,0.149847,0.530598
79.92183065414429,ES,0.849836,0.135631,0.509119
80.23274731636047,ES,0.85535,0.137826,0.499141
80.53965759277344,ES,0.863462,0.136359,0.485439
80.84634256362915,ES,0.871747,0.136867,0.470375
81.26190876960754,ES,0.882098,0.137593,0.450393
81.57658624649048,ES,0.882499,0.143976,0.447652
81.81234002113342,ES,0.879349,0.150856,0.451528
82.16097855567932,ES,0.860635,0.169046,0.480151
82.40872502326965,ES,0.847518,0.182125,0.498437
82.67644667625427,ES,0.845091,0.177991,0.503928
82.90920352935791,ES,0.848793,0.168283,0.50103
83.1389684677124,ES,0.853424,0.158157,0.496665
83.37008929252625,ES,0.861324,0.149858,0.485372
83.59910273551941,ES,0.876764,0.134105,0.461812
83.83785486221313,ES,0.865722,0.144736,0.479115
84.09059381484985,ES,0.847334,0.166776,0.504172
84.33051228523254,ES,0.853074,0.155441,0.49811
84.57248210906982,ES,0.866904,0.138254,0.479012
84.8203432559967,ES,0.879053,0.127256,0.459471
85.15699696540833,ES,0.885956,0.124537,0.446906
85.41382646560669,ES,0.891372,0.129153,0.434556
86.23616886138916,ES,0.893876,0.134823,0.427811
86.46793222427368,ES,0.895446,0.153087,0.418256
86.71767354011536,ES,0.89619,0.154567,0.416033
86.97843194007874,ES,0.892157,0.161393,0.422017
87.21851944923401,ES,0.889125,0.165782,0.426904
87.50056838989258,ES,0.887608,0.168713,0.428839
87.73237609863281,ES,0.887319,0.167578,0.429897
87.99410462379456,ES,0.883273,0.1726,0.436068
88.24485301971436,ES,0.881709,0.172317,0.439349
88.52854871749878,ES,0.877913,0.173083,0.446641
88.7753438949585,ES,0.873942,0.174837,0.45376
89.02708268165588,ES,0.872655,0.172346,0.457231
89.26201391220093,ES,0.871034,0.170675,0.460864
89.52773785591125,ES,0.868626,0.170667,0.46526
89.76884317398071,ES,0.870046,0.164645,0.464769
90.01175904273987,ES,0.871514,0.160812,0.463421
90.27848267555237,ES,0.874261,0.156396,0.459606
90.51623606681824,ES,0.87706,0.152241,0.455711
90.75798416137695,ES,0.877033,0.150982,0.456211
91.00472807884216,ES,0.875819,0.151222,0.458411
91.2475368976593,ES,0.876918,0.149356,0.456815
91.48542380332947,ES,0.881033,0.143389,0.450821
91.71918296813965,ES,0.884741,0.14101,0.444324
91.96799612045288,ES,0.887342,0.140592,0.439076
92.2017412185669,ES,0.890407,0.13902,0.433428
92.44162440299988,ES,0.885956,0.143052,0.441097
92.68758058547974,ES,0.875946,0.151737,0.457776
92.9383237361908,ES,0.869957,0.15649,0.467434
93.17409420013428,ES,0.870167,0.153858,0.468017
93.42481684684753,ES,0.873109,0.149068,0.464209
93.75547742843628,ES,0.872388,0.148834,0.465439
93.99423027038574,ES,0.870108,0.151802,0.468668
94.24812912940979,ES,0.874313,0.148455,0.461914
94.50586366653442,ES,0.876149,0.147855,0.458661
94.7367913722992,ES,0.87894,0.148842,0.452785
94.96755194664001,ES,0.885231,0.148327,0.440657
95.19831323623657,ES,0.890013,0.147909,0.431057
95.43206930160522,ES,0.889726,0.152691,0.430041
95.69679403305054,ES,0.880469,0.162895,0.445097
95.94358897209167,ES,0.873575,0.172502,0.454891
96.1893789768219,ES,0.875277,0.170068,0.452606
96.42713165283203,ES,0.881286,0.163329,0.443297
96.66088843345642,ES,0.883171,0.160793,0.440468
96.91270279884338,ES,0.880117,0.164074,0.445287
97.16244387626648,ES,0.87588,0.166394,0.452715
97.47611880302429,ES,0.874307,0.165861,0.455934
97.74802327156067,ES,0.878241,0.159785,0.450599
97.98702788352966,ES,0.880154,0.155215,0.448343
98.23814749717712,ES,0.880327,0.153942,0.448548
98.50921034812927,ES,0.879184,0.153348,0.451153
98.75996947288513,ES,0.875953,0.15311,0.457287
98.98989176750183,ES,0.877467,0.150418,0.455347
99.22068333625793,ES,0.880761,0.146386,0.450343
99.4735894203186,ES,0.882477,0.143376,0.448052
100.73481798171997,ES,0.895878,0.144913,0.420116
101.00453877449036,ES,0.890131,0.15153,0.429902
101.24129366874695,ES,0.888649,0.157833,0.430605
101.48204302787781,ES,0.892619,0.156453,0.422947
101.72480010986328,ES,0.893271,0.158592,0.420879
101.95854949951172,ES,0.892578,0.165836,0.419438
102.19030809402466,ES,0.892213,0.167806,0.419366
102.43505501747131,ES,0.890756,0.169839,0.421895
103.74893999099731,ES,0.875054,0.1714,0.452811
103.98777532577515,ES,0.886156,0.157925,0.435841
104.28147339820862,ES,0.88441,0.158053,0.439068
104.51822566986084,ES,0.877336,0.163999,0.451077
104.79594492912292,ES,0.875819,0.162143,0.454626
105.02969908714294,ES,0.875309,0.159088,0.456755
105.2754418849945,ES,0.875986,0.155115,0.456719
105.58212447166443,ES,0.878218,0.150537,0.454064
105.85584163665771,ES,0.880612,0.146488,0.45063
106.16751980781555,ES,0.882391,0.14438,0.447835
106.44223737716675,ES,0.885683,0.141842,0.441983
106.67599320411682,ES,0.886884,0.142381,0.439303
113.31926441192627,EU,0.738609,-0.355158,0.57285
113.6153211593628,EU,0.738938,-0.353556,0.573443
113.91910529136658,EU,0.73937,-0.352322,0.573612
114.23185873031616,EU,0.739585,-0.351327,0.574122
114.53754138946533,EU,0.739672,-0.350563,0.574339
114.86420583724976,EU,0.727632,-0.383106,0.568869
115.15989708900452,EU,0.715076,-0.420906,0.557927
115.44085955619812,EU,0.71187,-0.438907,0.548138
115.68271493911743,EU,0.708436,-0.460404,0.534754
115.93439078330994,EU,0.708753,-0.473976,0.522463
116.17714190483093,EU,0.710597,-0.485989,0.508728
116.42788052558899,EU,0.713712,-0.492491,0.49794
116.6926064491272,EU,0.716492,-0.495725,0.490621
116.95633316040039,EU,0.71915,-0.484099,0.498255
117.19808578491211,EU,0.7262,-0.45225,0.517681
117.4937789440155,EU,0.733061,-0.422705,0.532809
117.74651408195496,EU,0.728529,-0.431643,0.531907
117.99761915206909,EU,0.721315,-0.448888,0.527255
118.22787737846375,EU,0.716302,-0.46465,0.520504
118.46163272857666,EU,0.713663,-0.474796,0.514858
118.70638036727905,EU,0.713292,-0.480828,0.509943
118.96311497688293,EU,0.71345,-0.488513,0.502286
119.22584223747253,EU,0.714379,-0.485477,0.503857
119.47358679771423,EU,0.713948,-0.475311,0.514144
119.7213294506073,EU,0.718921,-0.447731,0.531531
119.95209264755249,EU,0.722343,-0.425426,0.54514
120.18584775924683,EU,0.72432,-0.407287,0.556211
120.4146134853363,EU,0.720503,-0.412347,0.557447
120.67434167861938,EU,0.715959,-0.419119,0.55827
120.90610313415527,EU,0.709321,-0.434091,0.555245
121.13907051086426,EU,0.705324,-0.442181,0.553996
121.38493347167969,EU,0.70367,-0.447477,0.551742
121.62268590927124,EU,0.702026,-0.452554,0.549678
121.85444760322571,EU,0.70105,-0.459806,0.544973
123.16617226600647,EU,0.699453,-0.487482,0.522574
123.4259033203125,EU,0.708037,-0.451666,0.542773
123.67473030090332,EU,0.712625,-0.43208,0.552719
123.92438864707947,EU,0.715612,-0.422358,0.556312
124.1601676940918,EU,0.709809,-0.439061,0.550865
124.40788507461548,EU,0.705242,-0.453762,0.544695
124.69059300422668,EU,0.701733,-0.476819,0.529235
124.9513533115387,EU,0.701471,-0.493026,0.514626
125.20736479759216,EU,0.704432,-0.499145,0.504777
125.50605630874634,EU,0.709512,-0.497036,0.499495
125.77977275848389,EU,0.712698,-0.494071,0.497989
126.01253151893616,EU,0.714977,-0.480062,0.508466
126.24728751182556,EU,0.725053,-0.434761,0.534104
126.48903751373291,EU,0.728054,-0.418437,0.543052
126.75875782966614,EU,0.725261,-0.424409,0.542121
127.0005087852478,EU,0.718874,-0.441519,0.53703
127.26123929023743,EU,0.715906,-0.452908,0.531457
127.50411009788513,EU,0.713881,-0.468427,0.520545
127.74597930908203,EU,0.715471,-0.47214,0.514909
127.9801013469696,EU,0.717894,-0.468866,0.514671
128.2249448299408,EU,0.719158,-0.464996,0.516441
128.47169423103333,EU,0.720119,-0.461749,0.518017
128.71543836593628,EU,0.721779,-0.458246,0.518725
128.95419239997864,EU,0.722912,-0.45462,0.520485
129.22990703582764,EU,0.722038,-0.453594,0.522462
129.4817671775818,EU,0.72789,-0.427805,0.536009
129.7447452545166,EU,0.732171,-0.408207,0.545252
129.98961353302002,EU,0.737291,-0.39052,0.551389
130.2353584766388,EU,0.731352,-0.399319,0.552989
130.4910957813263,EU,0.726904,-0.408572,0.552097
130.77786087989807,EU,0.721936,-0.415773,0.553304
131.01276516914368,EU,0.718222,-0.423466,0.552227
131.24852323532104,EU,0.716812,-0.426488,0.551811
131.49826169013977,EU,0.716673,-0.426098,0.552181
131.74605464935303,EU,0.716937,-0.429072,0.549535
134.42500352859497,EU,0.714335,-0.437,0.546745
134.6827371120453,EU,0.701004,-0.454202,0.549841
134.91149973869324,EU,0.700906,-0.458681,0.546375
135.15324926376343,EU,0.700083,-0.467636,0.539687
135.3930003643036,EU,0.699868,-0.474625,0.533871
135.63175630569458,EU,0.69897,-0.483882,0.526761
135.8715057373047,EU,0.700371,-0.482536,0.525947
136.1052656173706,EU,0.701862,-0.482528,0.524078
136.34202313423157,EU,0.703169,-0.481585,0.523106
136.59475708007812,EU,0.704311,-0.469603,0.532503
136.97555208206177,EU,0.710784,-0.441572,0.547589
137.23228335380554,EU,0.717289,-0.420175,0.55599
137.4810254573822,EU,0.709817,-0.434524,0.554492
137.7281174659729,EU,0.704871,-0.448034,0.550004
137.98223686218262,EU,0.702236,-0.46205,0.541627
138.24496579170227,EU,0.701563,-0.474903,0.531326
138.4820876121521,EU,0.702624,-0.485497,0.520174
138.71999049186707,EU,0.702758,-0.496619,0.509366
138.95574641227722,EU,0.705543,-0.501339,0.50078
139.22283387184143,EU,0.711077,-0.488372,0.505853
139.460595369339,EU,0.713808,-0.481491,0.508513
139.7253134250641,EU,0.718124,-0.456876,0.52485
139.96108436584473,EU,0.722658,-0.435945,0.536336
140.2018337249756,EU,0.72593,-0.419627,0.544971
140.43258213996887,EU,0.726878,-0.411711,0.549774
140.66534328460693,EU,0.721564,-0.428131,0.54403
140.89909863471985,EU,0.716008,-0.441888,0.540323
141.1398491859436,EU,0.712597,-0.45771,0.531683
141.36864066123962,EU,0.711896,-0.46752,0.524074
141.60941648483276,EU,0.712568,-0.476378,0.5152
141.85516095161438,EU,0.7139,-0.483412,0.506639
153.25413846969604,VN,0.132505,-0.991119,0.01229
154.4115526676178,VN,0.135685,-0.990649,0.013367
154.74429631233215,VN,0.043612,-0.999063,0.004941
155.00126481056213,VN,-0.013095,-0.999841,-0.010917
155.29296493530273,VN,-0.051595,-0.998291,-0.029773
155.60080242156982,VN,-0.083124,-0.994968,-0.055984
155.90666270256042,VN,-0.103419,-0.991252,-0.081904
156.13742518424988,VN,-0.111196,-0.988894,-0.099232
156.396155834198,VN,-0.115942,-0.98631,-0.116761
156.62492036819458,VN,-0.117696,-0.982948,-0.141317
156.86566996574402,VN,-0.095023,-0.987817,-0.123772
157.0984287261963,VN,-0.054362,-0.993847,-0.096685
157.33126211166382,VN,-0.021423,-0.996995,-0.074794
157.5620515346527,VN,-0.011668,-0.997861,-0.06448
157.83283495903015,VN,-0.032151,-0.997442,-0.063948
158.06659650802612,VN,-0.045178,-0.996867,-0.065414
158.33133506774902,VN,-0.053938,-0.996314,-0.067321
158.62103700637817,VN,-0.076132,-0.994183,-0.075842
158.8658583164215,VN,-0.089904,-0.992443,-0.083805
159.09899830818176,VN,-0.095593,-0.991284,-0.090618
159.33275628089905,VN,-0.099109,-0.990495,-0.095616
159.57662987709045,VN,-0.104521,-0.989032,-0.104484
159.80838704109192,VN,-0.102773,-0.989041,-0.106072
160.05213522911072,VN,-0.097424,-0.989712,-0.104254
160.30292558670044,VN,-0.062108,-0.994825,-0.080332
160.5386781692505,VN,-0.032457,-0.997602,-0.061298
160.78363132476807,VN,-0.006153,-0.999042,-0.044837
161.01291060447693,VN,-0.012976,-0.999181,-0.03974
161.24067449569702,VN,-0.04265,-0.997854,-0.051401
161.49141550064087,VN,-0.073798,-0.995087,-0.065557
162.71370482444763,VN,-0.125063,-0.979989,-0.154761
162.94460558891296,VN,-0.118777,-0.979322,-0.163815
163.17836380004883,VN,-0.106522,-0.981549,-0.158915
163.4181170463562,VN,-0.072964,-0.98829,-0.133923
163.799720287323,VN,-0.039275,-0.992963,-0.111549
164.03456664085388,VN,0.003527,-0.996842,-0.079414
164.29335403442383,VN,0.01612,-0.997614,-0.066676
164.52711868286133,VN,-0.005959,-0.997652,-0.067891
164.82285451889038,VN,-0.027979,-0.996904,-0.073156
165.0586326122284,VN,-0.047411,-0.995549,-0.080711
165.30038118362427,VN,-0.064504,-0.99375,-0.090974
165.57936596870422,VN,-0.08145,-0.991262,-0.103723
165.86212682724,VN,-0.096397,-0.98777,-0.122897
166.11002230644226,VN,-0.094482,-0.987084,-0.129926
166.3577699661255,VN,-0.090947,-0.986463,-0.136035
166.59552526474,VN,-0.098689,-0.983981,-0.148354
166.86024451255798,VN,-0.085823,-0.98648,-0.139459
167.0979986190796,VN,-0.045813,-0.992697,-0.111487
167.36572456359863,VN,-0.009695,-0.996178,-0.086389
167.60247802734375,VN,0.016858,-0.997445,-0.069055
167.84422636032104,VN,0.012999,-0.998202,-0.058574
168.0789830684662,VN,-0.011731,-0.998237,-0.05841
168.32073307037354,VN,-0.043376,-0.996707,-0.068224
168.56876611709595,VN,-0.056015,-0.995678,-0.073501
168.81681489944458,VN,-0.063362,-0.995041,-0.076237
169.07254934310913,VN,-0.070893,-0.994409,-0.078443
169.3402717113495,VN,-0.077724,-0.993637,-0.081134
169.57103204727173,VN,-0.080846,-0.993091,-0.084635
169.84077763557434,VN,-0.080818,-0.993019,-0.086064
170.0795328617096,VN,-0.075955,-0.993691,-0.08226
170.33326864242554,VN,-0.08743,-0.992102,-0.089674
170.56402850151062,VN,-0.082822,-0.992959,-0.084606
170.80178260803223,VN,-0.024806,-0.998462,-0.048975
171.05152463912964,VN,0.001621,-0.999509,-0.032589
171.2842833995819,VN,0.001014,-0.999707,-0.024713
171.5190393924713,VN,-0.022058,-0.999224,-0.031412
171.7737753391266,VN,-0.046719,-0.998256,-0.03669
172.05648279190063,VN,-0.061683,-0.997305,-0.041214
172.29323887825012,VN,-0.080343,-0.99536,-0.052896
172.53798532485962,VN,-0.08536,-0.994983,-0.05266
172.7757384777069,VN,-0.09427,-0.993311,-0.066942
173.01349306106567,VN,-0.088722,-0.993746,-0.067881
173.28121542930603,VN,-0.061657,-0.99636,-0.060121
173.51697039604187,VN,-0.027885,-0.998722,-0.043537
173.77008056640625,VN,-0.004205,-0.999441,-0.031992
174.0108289718628,VN,0.016277,-0.99961,-0.023372
174.24675130844116,VN,0.001361,-0.999787,-0.022702
174.4845049381256,VN,-0.033268,-0.998961,-0.031521
174.78724479675293,VN,-0.092634,-0.993412,-0.067461
175.0342059135437,VN,-0.124886,-0.987018,-0.101088
175.31092238426208,VN,-0.136867,-0.982288,-0.128244
175.55079674720764,VN,-0.13105,-0.980795,-0.144205
175.78083729743958,VN,-0.122349,-0.98103,-0.150302
176.01859498023987,VN,-0.10013,-0.985421,-0.137462
176.24863481521606,VN,-0.062802,-0.991388,-0.11497
176.4895441532135,VN,-0.031227,-0.994917,-0.095351
176.72829461097717,VN,-0.003469,-0.996924,-0.078005
176.97506999969482,VN,0.012741,-0.997711,-0.066357
177.2088921070099,VN,0.001244,-0.998042,-0.062855
177.44997239112854,VN,-0.027142,-0.997304,-0.068208
177.73988914489746,VN,-0.055479,-0.994953,-0.083457
177.98486423492432,VN,-0.069217,-0.993239,-0.093136
178.21968126296997,VN,-0.084268,-0.990858,-0.104635
178.45543551445007,VN,-0.082972,-0.990533,-0.109247
178.75928330421448,VN,-0.078061,-0.990656,-0.11198
178.99503898620605,VN,-0.083332,-0.989246,-0.120016
179.22692012786865,VN,-0.092002,-0.987004,-0.131715
179.46067357063293,VN,-0.090769,-0.986785,-0.134358
180.71878719329834,VN,0.025708,-0.998655,-0.044606
180.95553970336914,VN,-0.006096,-0.998846,-0.046754
188.7137529850006,NZ,-0.913348,-0.404468,0.048197
189.09245467185974,NZ,-0.914882,-0.400824,0.05039
189.39513993263245,NZ,-0.917598,-0.394141,0.053353
190.80967473983765,NZ,-0.989501,-0.144118,-0.016376
191.13433933258057,NZ,-0.992093,-0.100707,-0.076313
191.4422435760498,NZ,-0.990218,-0.115536,-0.079452
191.7580759525299,NZ,-0.985831,-0.158465,-0.056616
192.03778862953186,NZ,-0.978783,-0.202916,-0.029854
192.27554082870483,NZ,-0.976655,-0.214144,-0.020487
192.52936720848083,NZ,-0.981974,-0.186786,-0.030845
192.78041648864746,NZ,-0.986805,-0.154004,-0.050713
193.04714035987854,NZ,-0.988058,-0.137926,-0.069091
193.28993582725525,NZ,-0.98839,-0.123878,-0.088325
193.57064533233643,NZ,-0.98727,-0.115256,-0.110584
193.81954836845398,NZ,-0.985651,-0.103444,-0.134167
194.09843015670776,NZ,-0.983159,-0.112208,-0.144087
194.33218550682068,NZ,-0.981263,-0.121653,-0.149671
194.57693243026733,NZ,-0.980639,-0.150324,-0.125129
194.81293725967407,NZ,-0.977912,-0.18402,-0.098699
195.05173659324646,NZ,-0.974429,-0.210966,-0.076785
195.3115689754486,NZ,-0.971548,-0.229442,-0.058726
195.5425419807434,NZ,-0.974751,-0.214737,-0.060914
195.79251670837402,NZ,-0.979916,-0.185475,-0.072745
196.03642797470093,NZ,-0.983083,-0.157638,-0.093466
196.27118039131165,NZ,-0.983966,-0.13445,-0.117296
196.6018843650818,NZ,-0.981908,-0.120951,-0.145577
196.83969855308533,NZ,-0.978171,-0.127421,-0.164094
197.07046127319336,NZ,-0.975538,-0.132922,-0.174453
197.30222296714783,NZ,-0.973099,-0.152476,-0.172264
197.56532382965088,NZ,-0.97153,-0.18705,-0.144947
197.79914212226868,NZ,-0.968748,-0.220246,-0.112973
198.05887484550476,NZ,-0.965073,-0.246553,-0.088438
198.29774570465088,NZ,-0.962563,-0.261581,-0.071077
198.54049634933472,NZ,-0.970102,-0.230909,-0.074175
198.79030990600586,NZ,-0.97636,-0.199982,-0.081626
199.02718830108643,NZ,-0.979389,-0.180328,-0.089957
199.26394653320312,NZ,-0.97958,-0.171188,-0.105017
199.51567673683167,NZ,-0.98125,-0.148557,-0.122306
199.79567122459412,NZ,-0.980419,-0.14229,-0.135812
200.03043150901794,NZ,-0.97799,-0.149323,-0.145519
200.266184091568,NZ,-0.979065,-0.142642,-0.144629
200.49994373321533,NZ,-0.976838,-0.162688,-0.138165
200.7548487186432,NZ,-0.974772,-0.196566,-0.10491
200.98660969734192,NZ,-0.970995,-0.226471,-0.075866
201.23035860061646,NZ,-0.966663,-0.250004,-0.053554
201.4671437740326,NZ,-0.960158,-0.27667,-0.037108
202.67497396469116,NZ,-0.98197,-0.182836,-0.047047
202.92469811439514,NZ,-0.984595,-0.167534,-0.04845
203.16046786308289,NZ,-0.984878,-0.165659,-0.050357
203.4052004814148,NZ,-0.980932,-0.19078,-0.033696
203.6449534893036,NZ,-0.975843,-0.217311,-0.018174
203.91267824172974,NZ,-0.96951,-0.244736,-0.003658
204.1579737663269,NZ,-0.9716,-0.236273,-0.00229
204.38973116874695,NZ,-0.982036,-0.187792,-0.017322
204.6304817199707,NZ,-0.988435,-0.143418,-0.048012
204.92018461227417,NZ,-0.989801,-0.123056,-0.07137
205.15609669685364,NZ,-0.988473,-0.110541,-0.103024
205.38820052146912,NZ,-0.987139,-0.12604,-0.098151
205.63698863983154,NZ,-0.984207,-0.160594,-0.074124
205.8958809375763,NZ,-0.979122,-0.195595,-0.054051
206.17469906806946,NZ,-0.972475,-0.229514,-0.03849
206.41949343681335,NZ,-0.969389,-0.243975,-0.024132
206.66656637191772,NZ,-0.977369,-0.209217,-0.030998
206.9093108177185,NZ,-0.982067,-0.182226,-0.049289
207.2199900150299,NZ,-0.986226,-0.147191,-0.07558
207.503821849823,NZ,-0.986336,-0.133241,-0.096499
207.7387146949768,NZ,-0.984821,-0.141625,-0.100046
207.98746514320374,NZ,-0.981075,-0.176242,-0.080867
208.23020768165588,NZ,-0.975298,-0.211711,-0.063572
208.47503805160522,NZ,-0.97128,-0.233172,-0.046202
208.728773355484,NZ,-0.973126,-0.226337,-0.042865
208.96552801132202,NZ,-0.978417,-0.198354,-0.057664
209.23624968528748,NZ,-0.982223,-0.171336,-0.076794
209.49797701835632,NZ,-0.98408,-0.139331,-0.110454
209.77170181274414,NZ,-0.98271,-0.135574,-0.12637
210.01651549339294,NZ,-0.981349,-0.152447,-0.117916
210.26360607147217,NZ,-0.977315,-0.190514,-0.09301
210.5033609867096,NZ,-0.972633,-0.221196,-0.072717
210.73312139511108,NZ,-0.967497,-0.247093,-0.05519
210.97987270355225,NZ,-0.962916,-0.266454,-0.043219
211.21271276474,NZ,-0.966532,-0.252124,-0.049063
211.4424750804901,NZ,-0.974522,-0.2169,-0.058033
211.70920062065125,NZ,-0.981465,-0.181276,-0.062916
212.01813292503357,NZ,-0.979177,-0.185891,-0.082972
212.25242471694946,NZ,-0.981536,-0.161724,-0.103159
212.49417662620544,NZ,-0.981688,-0.142191,-0.127553
212.72593641281128,NZ,-0.98062,-0.124817,-0.15177
212.9606912136078,NZ,-0.97611,-0.126363,-0.177295
213.19764304161072,NZ,-0.974707,-0.13037,-0.182283
213.44239044189453,NZ,-0.97792,-0.155489,-0.140077
213.67422437667847,NZ,-0.976036,-0.189466,-0.108126
213.9748408794403,NZ,-0.971563,-0.222972,-0.079961
214.24056243896484,NZ,-0.967015,-0.249789,-0.050141
214.4733259677887,NZ,-0.964379,-0.261274,-0.042283
214.76125645637512,NZ,-0.975164,-0.218347,-0.038492
215.01099586486816,NZ,-0.985299,-0.155023,-0.072918
215.35588097572327,NZ,-0.98635,-0.133695,-0.097061
215.59085392951965,NZ,-0.984389,-0.107903,-0.138868
215.82860565185547,NZ,-0.984123,-0.108996,-0.140081
216.06336498260498,NZ,-0.983287,-0.144762,-0.110516
223.08597803115845,TA,-0.910194,0.407322,0.07572
223.4026460647583,TA,-0.909305,0.409114,0.076646
223.64139890670776,TA,-0.90874,0.410292,0.077049
223.89014339447021,TA,-0.908202,0.411404,0.077685
224.17484855651855,TA,-0.90773,0.412238,0.078128
224.41060328483582,TA,-0.885093,0.459583,0.073481
224.6523540019989,TA,-0.85355,0.518398,0.053045
224.8841142654419,TA,-0.821328,0.570221,0.019179
225.1218650341034,TA,-0.795545,0.605485,-0.022049
225.36061787605286,TA,-0.777426,0.625604,-0.065958
225.6053659915924,TA,-0.773055,0.628063,-0.089175
225.84911441802979,TA,-0.79752,0.599533,-0.068341
226.08594512939453,TA,-0.820515,0.569786,-0.046951
226.3238501548767,TA,-0.837288,0.545949,-0.030096
226.57059812545776,TA,-0.835936,0.547962,-0.031828
226.8083484172821,TA,-0.830107,0.556189,-0.038626
227.0442397594452,TA,-0.822674,0.566312,-0.04928
227.28915524482727,TA,-0.817513,0.572601,-0.060073
227.52091455459595,TA,-0.816244,0.573928,-0.066645
227.75567364692688,TA,-0.814787,0.574909,-0.073856
228.07280945777893,TA,-0.809939,0.579952,-0.086116
228.3068232536316,TA,-0.808684,0.580246,-0.095902
228.57894682884216,TA,-0.822271,0.563292,-0.079922
228.81379055976868,TA,-0.840838,0.538228,-0.055953
229.05654168128967,TA,-0.855802,0.516079,-0.035831
229.29229712486267,TA,-0.866495,0.498643,-0.020384
229.52716255187988,TA,-0.861833,0.506785,-0.016149
229.83184385299683,TA,-0.851893,0.523368,-0.016748
230.06360483169556,TA,-0.832173,0.553441,-0.03268
230.29736351966858,TA,-0.820218,0.570293,-0.042988
230.53544569015503,TA,-0.814593,0.577721,-0.050963
230.77136516571045,TA,-0.819463,0.571101,-0.045571
231.00711941719055,TA,-0.837624,0.545624,-0.02404
231.257009267807,TA,-0.852791,0.522176,-0.005011
231.49193334579468,TA,-0.864161,0.503037,0.01044
231.7246925830841,TA,-0.856066,0.516567,0.011035
231.9894163608551,TA,-0.8377,0.545992,-0.001888
232.22517108917236,TA,-0.818398,0.574097,-0.020948
232.4659252166748,TA,-0.804656,0.592144,-0.040323
232.70767498016357,TA,-0.796797,0.601584,-0.056106
232.94642686843872,TA,-0.79441,0.603663,-0.065687
233.20233011245728,TA,-0.800539,0.595857,-0.062804
233.43431901931763,TA,-0.820165,0.570576,-0.038992
234.42890119552612,TA,-0.836308,0.547676,-0.018223
234.66291618347168,TA,-0.832748,0.553582,0.000806
234.91265535354614,TA,-0.811976,0.583017,-0.022983
235.1544063091278,TA,-0.798535,0.600346,-0.043951
235.40915846824646,TA,-0.781709,0.616627,-0.091768
235.657066822052,TA,-0.776476,0.619063,-0.117198
235.90780425071716,TA,-0.78001,0.612292,-0.128679
236.15155291557312,TA,-0.784528,0.606804,-0.127448
236.38630986213684,TA,-0.808126,0.580599,-0.098541
236.62106561660767,TA,-0.826824,0.557453,-0.073586
236.86481428146362,TA,-0.841275,0.537915,-0.05425
237.10556483268738,TA,-0.830716,0.553467,-0.059988
237.34132027626038,TA,-0.812082,0.577298,-0.08521
237.64429020881653,TA,-0.799999,0.58982,-0.110081
237.88537859916687,TA,-0.790368,0.595884,-0.142427
238.11752581596375,TA,-0.789296,0.593554,-0.15711
238.3612937927246,TA,-0.796658,0.583943,-0.156378
238.63026404380798,TA,-0.813788,0.565726,-0.133422
238.86901664733887,TA,-0.834843,0.54088,-0.102429
239.15671920776367,TA,-0.851539,0.518881,-0.075778
239.3884756565094,TA,-0.866555,0.496731,-0.049594
239.64026165008545,TA,-0.872638,0.487371,-0.03341
239.9231767654419,TA,-0.85779,0.51269,-0.037014
240.17523908615112,TA,-0.836333,0.545826,-0.05115
240.4351270198822,TA,-0.819643,0.568293,-0.07256
240.66831159591675,TA,-0.805486,0.585197,-0.093826
240.94220805168152,TA,-0.797404,0.592714,-0.113962
241.18894910812378,TA,-0.795934,0.59199,-0.126965
241.42470479011536,TA,-0.80073,0.58555,-0.126929
241.69842505455017,TA,-0.808259,0.577957,-0.112987
241.9441704750061,TA,-0.83344,0.547559,-0.075213
242.19490766525269,TA,-0.849474,0.525478,-0.048986
242.45264101028442,TA,-0.863977,0.503297,-0.023163
242.6814067363739,TA,-0.873141,0.487678,-0.005562
242.92715191841125,TA,-0.868115,0.496552,0.004089
243.19087767601013,TA,-0.847639,0.530685,-0.004736
243.44860982894897,TA,-0.816213,0.576838,-0.034649
244.73052501678467,TA,-0.782704,0.60846,-0.131654
244.98625993728638,TA,-0.809803,0.579101,-0.094914
245.2220184803009,TA,-0.829286,0.555228,-0.065325
245.47075748443604,TA,-0.844079,0.534674,-0.041546
245.78143882751465,TA,-0.857788,0.513791,-0.018628
246.02718496322632,TA,-0.851488,0.524524,-0.013073
246.3019003868103,TA,-0.831663,0.554816,-0.025741
246.53888130187988,TA,-0.806876,0.58808,-0.058605
246.78382658958435,TA,-0.798172,0.597592,-0.076876
247.0216624736786,TA,-0.790812,0.604317,-0.097395
247.2604787349701,TA,-0.785687,0.607506,-0.117349
247.49336552619934,TA,-0.783801,0.606504,-0.134039
247.76408219337463,TA,-0.798534,0.590117,-0.1189
248.00200939178467,TA,-0.818961,0.5663,-0.09253
248.2578673362732,TA,-0.837587,0.54227,-0.067017
248.48763012886047,TA,-0.851066,0.522974,-0.046993
248.72638511657715,TA,-0.861566,0.506903,-0.02967
248.97516298294067,TA,-0.852229,0.522515,-0.02945
249.21091532707214,TA,-0.84114,0.53957,-0.036422
249.4646544456482,TA,-0.830976,0.55414,-0.048517
